time,open,high,low,close,tick_volume,spread,real_volume
1783814400,4098.686,4099.378,4068.482,4084.411,18562,40,0
1783900800,4084.459,4091.282,3986.511,4001.013,344780,40,0
1783987200,4001.07,4103.355,3983.412,4053.223,330463,0,0
1784073600,4053.028,4081.602,4017.4,4058.0,272179,40,0
1784160000,4057.851,4061.433,3969.211,3985.882,300462,40,0
1784246400,3985.93,4023.977,3959.46,4017.676,309596,40,0
1784419200,4000.257,4003.023,3989.312,3995.473,14089,40,0
1784505600,3995.714,4040.819,3982.555,4009.802,279230,40,0
1784592000,4009.989,4087.592,4003.91,4080.61,233925,40,0
1784678400,4080.811,4166.105,4076.733,4133.367,254887,40,0
1784764800,4133.419,4141.085,4040.057,4047.168,287824,40,0
1784851200,4047.245,4082.182,4021.944,4053.032,210416,40,0
1785024000,4091.931,4096.678,4083.683,4094.276,10981,40,0
1785110400,4094.395,4116.27,4065.268,4073.295,251387,40,0
1785196800,4073.246,4074.331,4011.392,4025.198,257981,40,0
1785283200,4024.998,4116.581,3995.936,4084.854,381986,40,0
1785369600,4084.655,4120.512,4028.52,4105.891,382882,40,0
1785456000,4105.794,4107.353,4020.975,4043.917,235388,40,0
1785628800,4073.165,4079.518,4063.169,4074.878,13975,40,0
1785715200,4074.939,4079.12,4018.988,4053.862,243668,40,0
1785801600,4053.803,4106.59,4042.503,4072.408,248510,40,0
1785888000,4072.456,4282.093,4070.393,4278.142,315468,40,0
1785974400,4278.211,4304.388,4223.298,4252.24,298790,40,0
1786060800,4252.494,4371.975,4229.553,4342.307,336761,40,0
1786233600,4347.907,4349.258,4331.994,4332.763,12446,40,0
1786320000,4332.7,4402.784,4313.307,4402.369,262823,40,0
1786406400,4402.317,4435.369,4356.727,4371.473,281638,40,0
1786492800,4371.476,4441.528,4366.477,4414.367,265517,40,0
1786579200,4414.432,4449.943,4343.626,4356.717,293104,40,0
1786665600,4356.652,4397.113,4310.932,4375.988,224616,40,0
1786838400,4379.527,4387.022,4367.156,4370.459,11421,40,0
1786924800,4370.534,4428.973,4368.194,4425.838,227041,40,0
1787011200,4425.844,4436.454,4327.332,4332.957,252763,40,0
1787097600,4333.06,4527.709,4324.582,4511.946,332242,40,0
1787184000,4512.003,4540.973,4450.554,4526.564,315482,50,0
1787270400,4526.445,4632.194,4508.719,4604.077,267822,50,0
1787443200,4615.78,4624.725,4604.604,4624.04,14342,50,0
1787529600,4624.063,4683.065,4594.319,4679.867,457965,50,0
1787616000,4679.907,4697.232,4605.275,4654.801,526565,50,0
1787702400,4654.743,4670.941,4583.021,4623.571,273616,50,0
1787788800,4623.647,4643.211,4565.041,4594.661,252697,50,0
1787875200,4594.717,4631.896,4445.393,4456.239,430838,50,0
1788048000,4439.165,4466.996,4435.725,4458.345,17150,50,0
1788134400,4458.406,4472.528,4396.502,4452.242,304928,50,0
1788220800,4452.325,4461.583,4322.777,4324.74,344304,40,0
1788307200,4324.793,4397.872,4282.332,4385.502,328632,40,0
1788393600,4385.915,4511.058,4382.524,4480.121,295603,50,0
1788480000,4480.275,4491.01,4365.386,4430.26,302173,50,0
1788652800,4422.108,4435.12,4417.735,4423.203,9833,50,0
1788739200,4423.265,4429.892,4381.07,4423.019,185159,50,0
1788825600,4423.161,4443.202,4345.293,4350.131,305529,40,0
1788912000,4349.891,4434.318,4341.021,4394.139,277220,40,0
1788998400,4394.046,4435.076,4311.187,4315.316,372627,40,0
1789084800,4315.264,4402.792,4291.971,4349.407,372095,40,0
1789257600,4339.742,4342.589,4328.465,4333.046,11288,40,0
1789344000,4332.907,4355.481,4253.5,4288.386,333895,40,0
1789430400,4288.332,4317.563,4261.235,4283.478,253781,40,0
1789516800,4283.784,4368.356,4235.035,4271.671,397962,40,0
1789603200,4271.727,4381.343,4266.112,4346.502,305954,40,0
1789689600,4346.167,4399.826,4334.102,4378.167,251935,40,0
